{
  "out": "ckp/diffusion_core_omega_pure.pt",
  "pairs": 5500,
  "core_shape": [
    2,
    24,
    24
  ],
  "norm_mode": "channel_global",
  "latent_dim": 1152,
  "best_loss": 0.043093011365272105,
  "final_loss": 0.056586937280371785,
  "epochs": 500
}