{
  "out": "ckp/diffusion_core_omega_sq.pt",
  "pairs": 5500,
  "core_shape": [
    2,
    24,
    24
  ],
  "norm_mode": "channel_global",
  "latent_dim": 1152,
  "best_loss": 0.04185357363894582,
  "final_loss": 0.05561652360484004,
  "epochs": 500
}