{
  "out": "ckp/diffusion_core_norm71.pt",
  "pairs": 5500,
  "core_shape": [
    2,
    24,
    24
  ],
  "norm_mode": "channel_global",
  "latent_dim": 1152,
  "best_loss": 0.039811422233469784,
  "final_loss": 0.05239751050248742,
  "epochs": 1000
}