{
  "out": "ckp/diffusion_core_noomega.pt",
  "pairs": 5500,
  "core_shape": [
    2,
    24,
    24
  ],
  "norm_mode": "channel_global",
  "latent_dim": 1152,
  "best_loss": 0.043123646755702794,
  "final_loss": 0.05658040312118828,
  "epochs": 500
}