{
  "out": "ckp/diffusion_core_omega.pt",
  "pairs": 5500,
  "core_shape": [
    2,
    24,
    24
  ],
  "norm_mode": "channel_global",
  "latent_dim": 1152,
  "best_loss": 0.06682026130147278,
  "final_loss": 0.08312897337600589,
  "epochs": 500
}