{
  "out": "ckp/diffusion_core_omega_sqkpi.pt",
  "pairs": 5500,
  "core_shape": [
    2,
    24,
    24
  ],
  "norm_mode": "channel_global",
  "latent_dim": 1152,
  "best_loss": 0.04181921144481748,
  "final_loss": 0.05554636078886688,
  "epochs": 500
}