{
  "out": "ckp/diffusion_core.pt",
  "pairs": 3300,
  "core_shape": [
    2,
    18,
    18
  ],
  "norm_mode": "channel_global",
  "latent_dim": 648,
  "best_loss": 0.10604245215654373,
  "final_loss": 0.12437398210167885,
  "epochs": 500
}