{
  "ckpt": "ckp/fno_elastic.pt",
  "test_h5": "elastic_dataset_msk0.02.h5",
  "num_cases": 70,
  "mean_rmse": 1.0151683117662158,
  "mean_obs_rmse": 0.8510280936072857,
  "mean_unobs_rmse": 1.0181280871428589,
  "per_channel": {
    "ux_re": 0.9712947257927486,
    "ux_im": 1.0066485907350267,
    "uy_re": 1.034321402651923,
    "uy_im": 1.0794046206133707
  },
  "num_visualized": 20,
  "output_dir": "visual_data/fno_elastic_eval_msk0.02"
}