{
  "ckpt": "ckp/voronoi_cnn_3d.pt",
  "test_h5": "helmholtz3d_dataset_msk0.01.h5",
  "num_cases": 410,
  "mean_rmse": 0.4404410121280973,
  "mean_obs_rmse": 0.1677562542623136,
  "mean_unobs_rmse": 0.44243769369474273
}