{
  "ckpt": "ckp/dpde_3d.pt",
  "test_h5": "helmholtz3d_dataset_msk0.05.h5",
  "num_cases": 410,
  "dps_zeta": 0.3,
  "mean_rmse": 0.2514913462647578,
  "mean_obs_rmse": 0.10534595404638022,
  "mean_unobs_rmse": 0.25667488909349206
}