{
  "ckpt": "ckp/ffno_elastic.pt",
  "test_h5": "elastic_dataset_msk0.05.h5",
  "num_cases": 70,
  "mean_rmse": 1.0190917577062335,
  "mean_obs_rmse": 0.9904015140874045,
  "mean_unobs_rmse": 1.0205526070935385
}