{
  "ckpt": "ckp/voronoi_cnn_3d.pt",
  "test_h5": "helmholtz3d_dataset_msk0.02.h5",
  "num_cases": 410,
  "mean_rmse": 0.2914284528392117,
  "mean_obs_rmse": 0.12378986385173914,
  "mean_unobs_rmse": 0.29394556763695506
}