{
  "ckpt": "ckp/confild_elastic.pt",
  "test_h5": "elastic_dataset_msk0.1.h5",
  "num_cases": 70,
  "mean_rmse": 2.5078012134347643,
  "mean_obs_rmse": 2.5017511283325233,
  "mean_unobs_rmse": 2.508319783527622,
  "per_channel": {
    "ux_re": 3.262463503224509,
    "ux_im": 2.1649629533290864,
    "uy_re": 2.6079538771084376,
    "uy_im": 2.3606065443583897
  },
  "num_visualized": 20,
  "output_dir": "visual_data/confild_elastic_eval_msk0.1"
}