{
  "ckpt": "ckp/ffno_3d.pt",
  "test_h5": "helmholtz3d_dataset_msk0.02.h5",
  "num_cases": 410,
  "mean_rmse": 1.1443307706495611,
  "mean_obs_rmse": 0.09227730508257703,
  "mean_unobs_rmse": 1.156558176947803
}