freq_idx,omega,num_real,num_fake,core_fid,field_fid
0,2,500,500,0.00024409671,581.50813
1,7,500,500,8.2226158e-06,37.984077
2,12,500,500,1.6116091e-06,13.326883
3,17,500,500,5.4648633e-07,9.2953146
4,22,500,500,3.4736199e-07,7.1798335
5,27,500,500,2.1315401e-07,5.7402189
6,32,500,500,1.4979178e-07,4.9365489
7,37,500,500,1.0389223e-07,4.6071082
8,42,500,500,5.2479639e-08,4.0352796
9,47,500,500,3.2483092e-08,3.2095753
10,52,500,500,4.2734721e-08,2.6516517
