{
  "ckpt": "ckp/dpde_baseline.pt",
  "test_h5": "data_for_test/helmholtz_dataset_42_for_test_mask10.h5",
  "num_cases": 1020,
  "dps_zeta": 0.3,
  "mean_rmse": 0.10059563313044753,
  "mean_obs_rmse": 0.1442967313232229,
  "mean_unobs_rmse": 0.09337592638262054,
  "mean_pde_res": 5938.283527939484,
  "output_dir": "visual_data/dpde_baseline_eval/mask_ratio10"
}