{
  "ckpt": "ckp/dpde_baseline.pt",
  "test_h5": "data_for_test/helmholtz_dataset_42_for_test_mask5.h5",
  "num_cases": 1020,
  "dps_zeta": 0.3,
  "mean_rmse": 0.17884798390681253,
  "mean_obs_rmse": 0.2383251141208936,
  "mean_unobs_rmse": 0.17363903001133427,
  "mean_pde_res": 7449.701060804707,
  "output_dir": "visual_data/dpde_baseline_eval/mask_ratio5"
}