omega,real_full,real_obs,real_unobs,imag_full,imag_obs,imag_unobs
2.000000000000000000e+00,3.642012139471573207e-02,1.201079921364050672e-03,3.838132290462772933e-02,3.686265181090748327e-02,1.227654965469463172e-03,3.885055346136450510e-02
4.000000000000000000e+00,3.152512097818767345e-02,1.095208129217315743e-03,3.322142169907646436e-02,3.185461322526784295e-02,1.125772641487175372e-03,3.357091468829116049e-02
6.000000000000000000e+00,2.932169063599696091e-02,1.132743415517952369e-03,3.089986242631634350e-02,2.940851292908599340e-02,1.158064985021962316e-03,3.099106479895875205e-02
8.000000000000000000e+00,2.891734704611125667e-02,1.187330437435652267e-03,3.047437408536907491e-02,2.867351550088781398e-02,1.203430742383206900e-03,3.021561107076452257e-02
1.000000000000000000e+01,2.897096182402403644e-02,1.254095283600012607e-03,3.053187963133553728e-02,2.883011081967520872e-02,1.281496562231937680e-03,3.038041787913575015e-02
1.200000000000000000e+01,2.922335357295878858e-02,1.309036837557128437e-03,3.079929706530504588e-02,2.904496985537029230e-02,1.340654399617781075e-03,3.060642881862650835e-02
1.400000000000000000e+01,2.963588668347550900e-02,1.408402199657210691e-03,3.123178481798042500e-02,2.974111119673177386e-02,1.451708842697731596e-03,3.134203360495072671e-02
1.800000000000000000e+01,3.128171284354641646e-02,1.773575704527393564e-03,3.296621356949930998e-02,3.127096789542389149e-02,1.838657327701858756e-03,3.295223973602692119e-02
2.200000000000000000e+01,4.271337214733188919e-02,3.361797130468857208e-03,4.500976497374132440e-02,4.230561763483937920e-02,3.387544192739593962e-03,4.456881287604947534e-02
