{
  "ckpt": "ckp/dpde_3d.pt",
  "test_h5": "helmholtz3d_dataset_msk0.1.h5",
  "num_cases": 410,
  "dps_zeta": 0.3,
  "mean_rmse": 0.16069036567719971,
  "mean_obs_rmse": 0.06254634528943315,
  "mean_unobs_rmse": 0.1677740751606662
}