{
  "ckpt": "ckp/fno_baseline.pt",
  "test_h5": "data_for_test/helmholtz_dataset_42_for_test_mask10.h5",
  "num_cases": 1020,
  "mean_rmse": 0.07106113022189516,
  "mean_obs_rmse": 0.037206914467210146,
  "mean_unobs_rmse": 0.07381450757859186,
  "mean_pde_res": 1746.426952814076,
  "num_visualized": 50,
  "output_dir": "visual_data/fno_baseline_eval/mask_ratio10"
}