sample_idx,freq_idx,omega,rmse,obs_rmse,unobs_rmse,rmse_ux_real,rmse_ux_imag,rmse_uy_real,rmse_uy_imag,vis_path
0,0,2.0,0.009070207364857197,0.0017603907388563766,0.010100176876661449,0.00940223503857851,0.008883891627192497,0.008342580869793892,0.009581221267580986,visual_data/lrtfr_elastic_eval/case001_s000_f000.png
0,3,17.0,0.014772065915167332,0.002346918977731992,0.016442450195982544,0.01528910268098116,0.014786364510655403,0.012886285781860352,0.01572587713599205,visual_data/lrtfr_elastic_eval/case002_s000_f003.png
0,6,32.0,0.03821783885359764,0.005983141524620407,0.04274976199450917,0.031723011285066605,0.03236730024218559,0.04496867582201958,0.043549343943595886,visual_data/lrtfr_elastic_eval/case003_s000_f006.png
1,0,2.0,0.01008592825382948,0.0026052837663634674,0.011205787489566412,0.00932722631841898,0.009616936556994915,0.009285036474466324,0.01206595916301012,visual_data/lrtfr_elastic_eval/case004_s001_f000.png
1,3,17.0,0.02503860369324684,0.005748468116233367,0.027827805319053482,0.027920376509428024,0.02169344201683998,0.029809070751070976,0.02134431153535843,visual_data/lrtfr_elastic_eval/case005_s001_f003.png
1,6,32.0,0.061809033155441284,0.013692856581302044,0.06903714384387305,0.05498482659459114,0.05481616035103798,0.06845293194055557,0.06655848026275635,
