{
  "ckpt": "ckp/dpde_elastic.pt",
  "test_h5": "elastic_dataset_msk0.05.h5",
  "num_cases": 70,
  "dps_zeta": 0.3,
  "mean_rmse": 0.2585546176348414,
  "mean_obs_rmse": 0.22120890849286556,
  "mean_unobs_rmse": 0.2547427287059171
}