{
  "ckpt": "ckp/ffno_elastic.pt",
  "test_h5": "elastic_dataset_msk0.01.h5",
  "num_cases": 70,
  "mean_rmse": 1.0192413968699319,
  "mean_obs_rmse": 0.9910613621984209,
  "mean_unobs_rmse": 1.0195169031620026
}