sample_idx,rmse_mean
0.000000000000000000e+00,1.793500707883919840e-02
1.000000000000000000e+00,1.019968039223126052e-02
2.000000000000000000e+00,1.510042251486863434e-02
