omega,ux_real_full,ux_real_obs,ux_real_unobs,ux_imag_full,ux_imag_obs,ux_imag_unobs,uy_real_full,uy_real_obs,uy_real_unobs,uy_imag_full,uy_imag_obs,uy_imag_unobs
2.000000000000000000e+00,4.595416430166843723e-03,3.702024908636966389e-03,4.683255282483135724e-03,4.121152231182416414e-03,3.629620089243969488e-03,4.171442543549123277e-03,4.820245794888829149e-03,3.738995718565859758e-03,4.926284069343820141e-03,4.267488411054369199e-03,3.570170345986840420e-03,4.339112297141102526e-03
6.000000000000000000e+00,5.970612728444822832e-03,4.995349276722294007e-03,6.071180903566049045e-03,6.097135084516407816e-03,5.798334984186996263e-03,6.129161403768618524e-03,3.991572451487595229e-03,3.931686806936980985e-03,3.998215072924121878e-03,7.297698269757717064e-03,5.549566100144230282e-03,7.472717944340643258e-03
1.000000000000000000e+01,1.179152356152192091e-02,1.066997607260691990e-02,1.190744057065209853e-02,8.703004142284583716e-03,8.428176142674432061e-03,8.734661769102333370e-03,1.556943497580634030e-02,1.549729351178303141e-02,1.557712563344712357e-02,8.316882817628771379e-03,8.165733602535921870e-03,8.333015553555849636e-03
1.400000000000000000e+01,4.791150489094539271e-03,3.906039419021708429e-03,4.890405154672011756e-03,5.496652150292762051e-03,4.064263675070385259e-03,5.636000816076902620e-03,4.716730210477419055e-03,3.554681512998488814e-03,4.827527425105780298e-03,5.498246648024385057e-03,3.709960176696553650e-03,5.662458817132116733e-03
1.800000000000000000e+01,1.286627492094514873e-02,6.115341233645064933e-03,1.340944798180298408e-02,1.404676882893370407e-02,7.037846519661676049e-03,1.460615701923819593e-02,1.892563266001601185e-02,7.229028520160618761e-03,1.974907703966534769e-02,2.098299872961960702e-02,1.012231401388673062e-02,2.182042690420016307e-02
2.200000000000000000e+01,1.528688014070417323e-02,8.391808509453735007e-03,1.590931336068241927e-02,1.902151516652727040e-02,8.875763747281627258e-03,1.986051792121987930e-02,1.506252603064285427e-02,7.973168812790556309e-03,1.565521499241527906e-02,2.175726136033391545e-02,9.541297430568267471e-03,2.271706092417238518e-02
2.600000000000000000e+01,3.514055072267610602e-02,1.840275754862767330e-02,3.663900552173537939e-02,2.869209840076147183e-02,1.435395245165493709e-02,2.987133386524064294e-02,2.280864492641507951e-02,1.117172820367261926e-02,2.378877960657582724e-02,2.517732427100248527e-02,9.973183037256716857e-03,2.630642363225604505e-02
