{
  "ckpt": "ckp/ffno_elastic.pt",
  "test_h5": "elastic_dataset_msk0.02.h5",
  "num_cases": 70,
  "mean_rmse": 1.0192272518362318,
  "mean_obs_rmse": 0.9908927508762905,
  "mean_unobs_rmse": 1.0197820195129939
}