sample_idx,freq_idx,omega,rmse,obs_rmse,unobs_rmse,rmse_ux_re,rmse_ux_im,rmse_uy_re,rmse_uy_im,vis_path
0,0,2.0,2.3406848907470703,2.3517762135656497,2.3379103672893096,1.7634427547454834,2.2581026554107666,2.7817845344543457,5.953752517700195,visual_data/confild_elastic_eval/case001_s000_f000.png
0,6,32.0,5.6641693115234375,5.658944927532853,5.6655140071818275,8.06590747833252,3.155139446258545,4.324001789093018,4.161369323730469,visual_data/confild_elastic_eval/case002_s000_f006.png
1,0,2.0,7.121785640716553,7.233280705504256,7.0935083325155,10.05502700805664,4.909458160400391,7.293295860290527,6.358502388000488,visual_data/confild_elastic_eval/case003_s001_f000.png
1,6,32.0,6.67913293838501,6.669107633930746,6.681740558937531,6.803158283233643,5.868862152099609,11.015130043029785,3.088758707046509,
