{
  "ckpt": "ckp/dpde_baseline.pt",
  "test_h5": "data_for_test/helmholtz_dataset_42_for_test_mask2.h5",
  "num_cases": 1020,
  "dps_zeta": 0.3,
  "mean_rmse": 0.43780837267929434,
  "mean_obs_rmse": 0.41040806446735767,
  "mean_unobs_rmse": 0.4375996220309068,
  "mean_pde_res": 10124.866769819393,
  "output_dir": "visual_data/dpde_baseline_eval/mask_ratio2"
}