{
  "ckpt": "ckp/dpde_elastic.pt",
  "test_h5": "elastic_dataset_msk0.02.h5",
  "num_cases": 70,
  "dps_zeta": 0.3,
  "mean_rmse": 0.532578087917396,
  "mean_obs_rmse": 0.3708471345582179,
  "mean_unobs_rmse": 0.5324151960866792
}