{
  "ckpt": "ckp/ffno_3d.pt",
  "test_h5": "helmholtz3d_dataset_msk0.05.h5",
  "num_cases": 410,
  "mean_rmse": 1.1456745342510501,
  "mean_obs_rmse": 0.05566378990869696,
  "mean_unobs_rmse": 1.1760770882048257
}