{
  "ckpt": "ckp/voronoi_cnn_3d.pt",
  "test_h5": "helmholtz3d_dataset_msk0.1.h5",
  "num_cases": 410,
  "mean_rmse": 0.10810402285580228,
  "mean_obs_rmse": 0.06208048544642402,
  "mean_unobs_rmse": 0.11202774943738449
}