omega,real_full,real_obs,real_unobs,imag_full,imag_obs,imag_unobs
1.000000000000000000e+02,1.413694446399065274e+00,3.154329983071156585e-02,1.579036517467754752e+00,1.493152596772888474e+00,3.221441573708896250e-02,1.667376603703732751e+00
1.500000000000000000e+02,1.792759275057520751e+00,5.572098031068858232e-02,2.000843061221673658e+00,1.710361708020492033e+00,4.948108803435184028e-02,1.911475079958753209e+00
2.000000000000000000e+02,1.800210925879128343e+00,6.076481056329789687e-02,2.011716791450994801e+00,1.672142639897991279e+00,5.822450812861182379e-02,1.867643722391242989e+00
2.500000000000000000e+02,1.688793811538692458e+00,6.686845467229821094e-02,1.884994565520626386e+00,1.570164138622318850e+00,5.316574465065666832e-02,1.756726291195844780e+00
3.000000000000000000e+02,1.864627016649905267e+00,8.886991151671089217e-02,2.085322706743154342e+00,1.842053263700210053e+00,8.719938128297677338e-02,2.057324113342037464e+00
3.500000000000000000e+02,1.638818858428977565e+00,9.252610060687546656e-02,1.828993233274318175e+00,1.563358242704442347e+00,8.802627737550323961e-02,1.745067284145583431e+00
4.000000000000000000e+02,1.727801541781321282e+00,1.071535279476682062e-01,1.931430442270609671e+00,1.767447925788506291e+00,1.092950976560439075e-01,1.974442702472057221e+00
5.000000000000000000e+02,1.602755093957973997e+00,1.041607230119322713e-01,1.790391383457984764e+00,1.596269006086225017e+00,1.005633434777092050e-01,1.783391476852041801e+00
6.000000000000000000e+02,1.561157406049888507e+00,9.116395707613549060e-02,1.744295632556406739e+00,1.601404127900430741e+00,9.401800528012733971e-02,1.790564507976323494e+00
