{
  "ckpt": "ckp/confild_elastic.pt",
  "test_h5": "elastic_dataset_msk0.01.h5",
  "num_cases": 70,
  "mean_rmse": 2.695789064679827,
  "mean_obs_rmse": 2.6707698210022457,
  "mean_unobs_rmse": 2.6961514771700505,
  "per_channel": {
    "ux_re": 3.464781255381448,
    "ux_im": 2.3564839575971877,
    "uy_re": 2.773671810116087,
    "uy_im": 2.5484950619084494
  },
  "num_visualized": 20,
  "output_dir": "visual_data/confild_elastic_eval_msk0.01"
}