{
  "ckpt": "ckp/dpde_elastic.pt",
  "test_h5": "elastic_dataset_msk0.01.h5",
  "num_cases": 70,
  "dps_zeta": 0.3,
  "mean_rmse": 0.7414323874882289,
  "mean_obs_rmse": 0.5674939066171646,
  "mean_unobs_rmse": 0.7407707967928477
}