omega,rmse
2.000000000000000000e+00,4.622382378578186041e-02
4.000000000000000000e+00,4.221969419345259628e-02
6.000000000000000000e+00,4.097621122375130764e-02
8.000000000000000000e+00,4.264502610638737368e-02
1.000000000000000000e+01,4.516069618612527509e-02
1.200000000000000000e+01,4.838299037516117368e-02
1.400000000000000000e+01,5.358338053524493855e-02
1.800000000000000000e+01,6.394811683148145243e-02
2.200000000000000000e+01,8.390321409702300448e-02
